rank,food,category,fiber_g_per_100g,package,package_price_usd,package_weight_g,edible_fraction,price_per_100g_usd,fiber_g_per_dollar,price_basis,nutrition_source_status,nutrition_source_type,nutrition_source_id,nutrition_source_url,nutrition_source_description,nutrition_source_form,nutrition_source_note
1,Whole wheat flour,Whole grains,10.7,5 lb bag,3.12,2268,1.0,0.138,77.8,Walmart GV,exact,USDA FoodData Central SR Legacy,FDC 168893,https://api.nal.usda.gov/fdc/v1/food/168893?api_key=DEMO_KEY,"Wheat flour, whole-grain (Includes foods for USDA's Food Distribution Program)",Whole-grain flour,
2,Green split peas (dry),Dried beans & peas,22.2,16 oz bag,1.42,454,1.0,0.313,71.0,Walmart GV,exact,USDA FoodData Central SR Legacy,FDC 172428,https://api.nal.usda.gov/fdc/v1/food/172428?api_key=DEMO_KEY,"Peas, green, split, mature seeds, raw","Mature seeds, raw",
3,Pearled barley (dry),Whole grains,15.6,16 oz bag,1.24,454,1.0,0.273,57.1,Walmart GV,exact,USDA FoodData Central SR Legacy,FDC 170284,https://api.nal.usda.gov/fdc/v1/food/170284?api_key=DEMO_KEY,"Barley, pearled, raw","Pearled, raw",
4,Popcorn kernels,Whole grains,12.9,2 lb bag,2.28,907,1.0,0.251,51.3,Walmart GV,unresolved,Unresolved,,,,Not resolved,"NOT TIED TO A PUBLISHED RECORD. USDA publishes no SR Legacy or Foundation entry for unpopped popcorn kernels; all 17 popcorn records in those data types are popped or prepared forms. The 12.9 g per 100 g here is DERIVED, not quoted: USDA FDC 167959 (Snacks, popcorn, air-popped) gives 14.5 g per 100 g of popped corn, which is converted to an as-sold kernel basis using the moisture difference between kernels and popped corn. Sensitivity band 12.8 to 13.0 g per 100 g; rank 7 across the whole band. Treat it as our calculation, not as a USDA figure."
5,Pinto beans (dry),Dried beans & peas,15.5,4 lb bag,6.75,1814,1.0,0.372,41.7,BLS US avg July 2026 (APU0000714233),exact,USDA FoodData Central SR Legacy,FDC 175199,https://api.nal.usda.gov/fdc/v1/food/175199?api_key=DEMO_KEY,"Beans, pinto, mature seeds, raw (Includes foods for USDA's Food Distribution Program)","Mature seeds, raw",
6,Black beans (dry),Dried beans & peas,15.5,2 lb bag,3.38,907,1.0,0.373,41.6,BLS US avg July 2026 (APU0000714233),exact,USDA FoodData Central SR Legacy,FDC 173734,https://api.nal.usda.gov/fdc/v1/food/173734?api_key=DEMO_KEY,"Beans, black, mature seeds, raw","Mature seeds, raw",
7,Navy beans (dry),Dried beans & peas,15.3,2 lb bag,3.38,907,1.0,0.373,41.1,BLS US avg July 2026 (APU0000714233),exact,USDA FoodData Central SR Legacy,FDC 173745,https://api.nal.usda.gov/fdc/v1/food/173745?api_key=DEMO_KEY,"Beans, navy, mature seeds, raw","Mature seeds, raw",
8,Old-fashioned rolled oats,Whole grains,10.1,42 oz canister,3.36,1191,1.0,0.282,35.8,Walmart GV,exact,USDA FoodData Central SR Legacy,FDC 173904,https://api.nal.usda.gov/fdc/v1/food/173904?api_key=DEMO_KEY,"Cereals, oats, regular and quick, not fortified, dry","Regular or quick oats, dry",
9,Whole wheat spaghetti,Whole grains,9.2,16 oz box,1.18,454,1.0,0.26,35.4,Walmart GV,exact,USDA FoodData Central SR Legacy,FDC 169738,https://api.nal.usda.gov/fdc/v1/food/169738?api_key=DEMO_KEY,"Pasta, whole-wheat, dry (Includes foods for USDA's Food Distribution Program)","Whole-wheat pasta, dry",
10,Canned black beans,Canned,6.9,15.5 oz can,0.88,439,1.0,0.2,34.4,Walmart GV,proxy,USDA FoodData Central SR Legacy,FDC 175188,https://api.nal.usda.gov/fdc/v1/food/175188?api_key=DEMO_KEY,"Beans, black turtle, mature seeds, canned","Mature seeds, canned, undrained (solids and liquids)","The row prices the whole 15.5 oz can (439 g net) at edible_fraction 1.0, so the undrained solids-and-liquids basis is the only arithmetically coherent match, the same convention already used for Canned kidney beans. FDC 175188 is undrained: its water 75.6 g and protein 6.03 g/100 g sit below the drained-and-rinsed Foundation record FDC 2644285 (water 70.8 g, protein 6.91 g). The previous 5.6 value matched no official record. USDA's only canned black bean records, FDC 175188 and the low-sodium FDC 175238, both publish 6.9 g/100 g. Flagged proxy because USDA names the record by the black turtle cultivar rather than generically, and the undrained basis is inferred from the record's water and protein rather than stated in its description. The form-matched Foundation record FDC 2644285 publishes no dietary fiber value at all and so cannot support this row."
11,Chickpeas (dry),Dried beans & peas,12.2,16 oz bag,1.64,454,1.0,0.361,33.8,Walmart,exact,USDA FoodData Central SR Legacy,FDC 173756,https://api.nal.usda.gov/fdc/v1/food/173756?api_key=DEMO_KEY,"Chickpeas (garbanzo beans, bengal gram), mature seeds, raw","Mature seeds, raw",
12,Brown lentils (dry),Dried beans & peas,10.7,16 oz bag,1.44,454,1.0,0.317,33.7,Walmart GV,exact,USDA FoodData Central SR Legacy,FDC 172420,https://api.nal.usda.gov/fdc/v1/food/172420?api_key=DEMO_KEY,"Lentils, raw",Raw,
13,Chia seeds,Nuts & seeds,34.4,32 oz bag,9.44,907,1.0,1.041,33.1,Walmart GV,exact,USDA FoodData Central SR Legacy,FDC 170554,https://api.nal.usda.gov/fdc/v1/food/170554?api_key=DEMO_KEY,"Seeds, chia seeds, dried",Dried,
14,Bran flakes cereal,Whole grains,18.3,17.3 oz box,2.98,490,1.0,0.608,30.1,Walmart GV,proxy,USDA FoodData Central SR Legacy,FDC 173888,https://api.nal.usda.gov/fdc/v1/food/173888?api_key=DEMO_KEY,"Cereals ready-to-eat, POST Bran Flakes",Ready-to-eat POST Bran Flakes,"The 18.3 g fiber per 100 g is from a brand-specific POST record, while the priced cereal was Great Value. USDA publishes no generic bran-flakes record, and fiber in bran flakes varies by brand formulation, so the brand substitution keeps this a proxy."
15,Whole flaxseed,Nuts & seeds,27.3,22 oz bag,5.98,624,1.0,0.958,28.5,Walmart,exact,USDA FoodData Central SR Legacy,FDC 169414,https://api.nal.usda.gov/fdc/v1/food/169414?api_key=DEMO_KEY,"Seeds, flaxseed",Flaxseed,
16,Red lentils (dry),Dried beans & peas,10.8,16 oz bag,1.94,454,1.0,0.427,25.3,Walmart,exact,USDA FoodData Central SR Legacy,FDC 174284,https://api.nal.usda.gov/fdc/v1/food/174284?api_key=DEMO_KEY,"Lentils, pink or red, raw",Raw,
17,Bulgur wheat (dry),Whole grains,12.5,24 oz bag,3.49,680,1.0,0.513,24.4,Walmart,exact,USDA FoodData Central SR Legacy,FDC 170688,https://api.nal.usda.gov/fdc/v1/food/170688?api_key=DEMO_KEY,"Bulgur, dry",Dry,
18,Oat bran (dry),Whole grains,15.4,18 oz bag,3.49,510,1.0,0.684,22.5,Walmart,exact,USDA FoodData Central SR Legacy,FDC 168872,https://api.nal.usda.gov/fdc/v1/food/168872?api_key=DEMO_KEY,"Oat bran, raw",Raw,
19,Canned chickpeas,Canned,4.4,15.5 oz can,0.98,439,1.0,0.223,19.7,Walmart GV,exact,USDA FoodData Central SR Legacy,FDC 175206,https://api.nal.usda.gov/fdc/v1/food/175206?api_key=DEMO_KEY,"Chickpeas (garbanzo beans, bengal gram), mature seeds, canned, solids and liquids","Mature seeds, canned, solids and liquids","The row prices the whole 15.5 oz can (439 g net) at edible_fraction 1.0, so the solids-and-liquids record is the correct basis; the drained records FDC 173800 (6.4) and FDC 173801 (6.3) apply to a drained weight the row does not use. The previous 4.8 value matched no official record. The form-matched Foundation record FDC 2644288 publishes no dietary fiber value at all and so cannot support this row."
20,Canned kidney beans,Canned,4.3,15.5 oz can,0.98,439,1.0,0.223,19.3,Walmart GV,exact,USDA FoodData Central SR Legacy,FDC 173741,https://api.nal.usda.gov/fdc/v1/food/173741?api_key=DEMO_KEY,"Beans, kidney, all types, mature seeds, canned","All types, mature seeds, canned",
21,Frozen green peas,Frozen vegetables,4.5,32 oz bag,2.32,907,1.0,0.256,17.6,Walmart GV,exact,USDA FoodData Central SR Legacy,FDC 170016,https://api.nal.usda.gov/fdc/v1/food/170016?api_key=DEMO_KEY,"Peas, green, frozen, unprepared (Includes foods for USDA's Food Distribution Program)","Frozen, unprepared",
22,Brown rice (dry),Whole grains,3.6,2 lb bag,1.87,907,1.0,0.206,17.5,Walmart GV,exact,USDA FoodData Central SR Legacy,FDC 169703,https://api.nal.usda.gov/fdc/v1/food/169703?api_key=DEMO_KEY,"Rice, brown, long-grain, raw (Includes foods for USDA's Food Distribution Program)","Long-grain, raw",
23,"Carrots (whole, bagged)",Fresh vegetables,2.8,2 lb bag,1.58,907,1.0,0.174,16.1,Walmart,exact,USDA FoodData Central SR Legacy,FDC 170393,https://api.nal.usda.gov/fdc/v1/food/170393?api_key=DEMO_KEY,"Carrots, raw",Raw,
24,Green cabbage,Fresh vegetables,2.5,per lb,0.78,454,1.0,0.172,14.6,Walmart,exact,USDA FoodData Central SR Legacy,FDC 169975,https://api.nal.usda.gov/fdc/v1/food/169975?api_key=DEMO_KEY,"Cabbage, raw",Raw,
25,Sweet potatoes,Fresh vegetables,3.0,per lb,0.98,454,1.0,0.216,13.9,Walmart,exact,USDA FoodData Central SR Legacy,FDC 168482,https://api.nal.usda.gov/fdc/v1/food/168482?api_key=DEMO_KEY,"Sweet potato, raw, unprepared (Includes foods for USDA's Food Distribution Program)","Raw, unprepared",
26,Dry roasted peanuts,Nuts & seeds,8.4,16 oz jar,2.78,454,1.0,0.612,13.7,Walmart GV,proxy,USDA FoodData Central SR Legacy,FDC 174262,https://api.nal.usda.gov/fdc/v1/food/174262?api_key=DEMO_KEY,"Peanuts, all types, dry-roasted, with salt","All types, dry-roasted, with salt","The price record does not identify the salt variant, so the record is not uniquely identified. The ambiguity does not affect this dataset: the with-salt record FDC 174262 and the without-salt record FDC 173806 both publish 8.4 g fiber per 100 g and are identical on every proximate except sodium (410 mg vs 6 mg). The salted record is cited as the more common retail form."
27,Sunflower seed kernels,Nuts & seeds,8.6,16 oz bag,2.98,454,1.0,0.656,13.1,Walmart,exact,USDA FoodData Central SR Legacy,FDC 170562,https://api.nal.usda.gov/fdc/v1/food/170562?api_key=DEMO_KEY,"Seeds, sunflower seed kernels, dried","Sunflower seed kernels, dried",
28,Bananas,Fresh fruit,2.6,per lb,0.65,454,0.64,0.143,11.6,BLS US avg July 2026 (APU0000711211),exact,USDA FoodData Central SR Legacy,FDC 173944,https://api.nal.usda.gov/fdc/v1/food/173944?api_key=DEMO_KEY,"Bananas, raw",Raw,
29,Peanut butter,Nuts & seeds,5.0,40 oz jar,4.97,1134,1.0,0.438,11.4,Walmart GV,proxy,USDA FoodData Central SR Legacy,FDC 174266,https://api.nal.usda.gov/fdc/v1/food/174266?api_key=DEMO_KEY,"Peanut butter, smooth style, with salt (Includes foods for USDA's Food Distribution Program)","Smooth style, with salt","The price record does not identify the salt variant, so the record is not uniquely identified. The ambiguity does not affect this dataset: the with-salt record FDC 174266 and the without-salt record FDC 172470 both publish 5.0 g fiber per 100 g and are identical on every proximate except sodium (426 mg vs 17 mg). The salted record is cited as the more common retail form."
30,Frozen green beans,Frozen vegetables,2.6,32 oz bag,2.18,907,1.0,0.24,10.8,Walmart GV,exact,USDA FoodData Central SR Legacy,FDC 169962,https://api.nal.usda.gov/fdc/v1/food/169962?api_key=DEMO_KEY,"Beans, snap, green, frozen, all styles, unprepared (Includes foods for USDA's Food Distribution Program)","Frozen, all styles, unprepared","Corrected from 2.7, which is the raw fresh record FDC 169961 (Beans, snap, green, raw); the bag is priced as sold, so the frozen unprepared record is the correct basis."
31,Quinoa (dry),Whole grains,7.0,2 lb bag,5.97,907,1.0,0.658,10.6,Walmart GV,exact,USDA FoodData Central SR Legacy,FDC 168874,https://api.nal.usda.gov/fdc/v1/food/168874?api_key=DEMO_KEY,"Quinoa, uncooked",Uncooked,
32,Avocado,Fresh fruit,6.7,each (~7 oz),0.95,200,0.74,0.475,10.4,Walmart,exact,USDA FoodData Central SR Legacy,FDC 171705,https://api.nal.usda.gov/fdc/v1/food/171705?api_key=DEMO_KEY,"Avocados, raw, all commercial varieties","Raw, all commercial varieties",
33,Canned pumpkin,Canned,2.9,15 oz can,1.24,425,1.0,0.292,9.9,Walmart GV,proxy,USDA FoodData Central SR Legacy,FDC 168450,https://api.nal.usda.gov/fdc/v1/food/168450?api_key=DEMO_KEY,"Pumpkin, canned, without salt","Canned, without salt","Canned pumpkin, not fresh (FDC 168448, 0.5) and not pumpkin pie mix (FDC 169273, 8.3). The with-salt record FDC 170527 publishes the identical 2.9 g/100 g, so the fiber figure does not depend on the salt variant; the salt variant of the priced product was not verified."
34,100% whole wheat bread,Whole grains,6.0,20 oz loaf,3.52,567,1.0,0.621,9.7,BLS US avg May 2026 (APU0000702212),exact,USDA FoodData Central SR Legacy,FDC 172688,https://api.nal.usda.gov/fdc/v1/food/172688?api_key=DEMO_KEY,"Bread, whole-wheat, commercially prepared","Whole-wheat, commercially prepared",
35,Frozen broccoli florets,Frozen vegetables,3.0,32 oz bag,2.87,907,1.0,0.316,9.5,Walmart GV,proxy,USDA FoodData Central SR Legacy,FDC 169968,https://api.nal.usda.gov/fdc/v1/food/169968?api_key=DEMO_KEY,"Broccoli, frozen, chopped, unprepared","Frozen, chopped, unprepared","USDA publishes no florets cut. Both frozen unprepared cuts, chopped FDC 169968 and spears FDC 169970, publish the identical 3.0 g/100 g, so the cut style does not change the figure; the bag is priced as sold, so the unprepared basis is used rather than cooked/boiled."
36,Almonds,Nuts & seeds,12.5,16 oz bag,6.47,454,1.0,1.425,8.8,Walmart GV,exact,USDA FoodData Central SR Legacy,FDC 170567,https://api.nal.usda.gov/fdc/v1/food/170567?api_key=DEMO_KEY,"Nuts, almonds",Almonds,
37,Frozen chopped spinach,Frozen vegetables,2.9,12 oz bag,1.18,340,1.0,0.347,8.4,Walmart GV,exact,USDA FoodData Central SR Legacy,FDC 169287,https://api.nal.usda.gov/fdc/v1/food/169287?api_key=DEMO_KEY,"Spinach, frozen, chopped or leaf, unprepared (Includes foods for USDA's Food Distribution Program)","Frozen, chopped or leaf, unprepared",
38,Frozen shelled edamame,Frozen vegetables,5.2,12 oz bag,2.12,340,1.0,0.624,8.3,Walmart GV,unresolved,Unresolved,,,,Not resolved,"Form mismatch. The 5.2 value comes from FDC 168411 'Edamame, frozen, prepared', which is the COOKED record, while the priced 12 oz bag is sold frozen and unprepared. The form-matching record, FDC 168410 'Edamame, frozen, unprepared', reports 4.8 g fiber per 100 g, not 5.2, and that is the record the protein dataset already cites for this identical package. Cooked and unprepared are not interchangeable, and the published 5.2 cannot be tied to a form-matching record, so this row is unresolved."
39,Prunes (dried plums),Dried fruit,7.1,16 oz bag,3.98,454,1.0,0.877,8.1,Walmart,exact,USDA FoodData Central SR Legacy,FDC 168162,https://api.nal.usda.gov/fdc/v1/food/168162?api_key=DEMO_KEY,"Plums, dried (prunes), uncooked","Dried, uncooked",
40,Pears,Fresh fruit,3.1,per lb,1.58,454,0.9,0.348,8.0,Walmart,exact,USDA FoodData Central SR Legacy,FDC 169118,https://api.nal.usda.gov/fdc/v1/food/169118?api_key=DEMO_KEY,"Pears, raw",Raw,
41,Chopped kale (bagged),Fresh vegetables,4.1,16 oz bag,2.48,454,1.0,0.546,7.5,Walmart,exact,USDA FoodData Central SR Legacy,FDC 168421,https://api.nal.usda.gov/fdc/v1/food/168421?api_key=DEMO_KEY,"Kale, raw",Raw,
42,Apples (gala),Fresh fruit,2.3,per lb,1.28,454,0.9,0.282,7.3,Walmart,exact,USDA FoodData Central SR Legacy,FDC 168204,https://api.nal.usda.gov/fdc/v1/food/168204?api_key=DEMO_KEY,"Apples, raw, gala, with skin (Includes foods for USDA's Food Distribution Program)","Raw, gala, with skin","Corrected from 2.4, which is the generic record FDC 171688 (Apples, raw, with skin); the cultivar-specific gala record is the match for the priced product."
43,Yellow onions,Fresh vegetables,1.7,per lb,1.09,454,1.0,0.24,7.1,Walmart,proxy,USDA FoodData Central SR Legacy,FDC 170000,https://api.nal.usda.gov/fdc/v1/food/170000?api_key=DEMO_KEY,"Onions, raw",Raw,"Generic raw onion; SR Legacy has no yellow raw record, only Onions, yellow, sauteed (FDC 170004), which is the wrong form. Note: edible_fraction is 1.0 here while other trimmed produce rows carry a refuse adjustment; refuse is not published on the portal-data endpoint, so this was left unchanged rather than guessed."
44,Brussels sprouts,Fresh vegetables,3.8,per lb,2.48,454,1.0,0.546,7.0,Walmart,exact,USDA FoodData Central SR Legacy,FDC 170383,https://api.nal.usda.gov/fdc/v1/food/170383?api_key=DEMO_KEY,"Brussels sprouts, raw",Raw,
45,Russet potatoes (with skin),Fresh vegetables,1.3,per lb,0.94,454,1.0,0.207,6.3,BLS US avg July 2026 (APU0000712112),exact,USDA FoodData Central SR Legacy,FDC 170027,https://api.nal.usda.gov/fdc/v1/food/170027?api_key=DEMO_KEY,"Potatoes, russet, flesh and skin, raw (Includes foods for USDA's Food Distribution Program)","Flesh and skin, raw",
46,Raisins,Dried fruit,3.7,20 oz canister,3.34,567,1.0,0.589,6.3,Walmart GV,exact,USDA FoodData Central Foundation,FDC 2758980,https://api.nal.usda.gov/fdc/v1/food/2758980?api_key=DEMO_KEY,"Raisins, dark, seedless","Dark, seedless","The official April 2026 Foundation value is 3.679 g/100 g, which rounds to the dataset's one-decimal 3.7."
47,Fresh broccoli crowns,Fresh vegetables,2.6,per lb,1.94,454,1.0,0.427,6.1,Walmart,proxy,USDA FoodData Central SR Legacy,FDC 170379,https://api.nal.usda.gov/fdc/v1/food/170379?api_key=DEMO_KEY,"Broccoli, raw",Raw,"The USDA record is generic raw broccoli, whose 2.6 g fiber per 100 g is a whole-head composite including the thick lower stalk; the priced product was crowns, which are florets plus a short stem. USDA publishes no crowns-specific record, so the row stays a proxy."
48,Chopped dates,Dried fruit,8.0,8 oz bag,2.98,227,1.0,1.313,6.1,Walmart,proxy,USDA FoodData Central SR Legacy,FDC 171726,https://api.nal.usda.gov/fdc/v1/food/171726?api_key=DEMO_KEY,"Dates, deglet noor",Deglet Noor,"The 8.0 g fiber per 100 g is the Deglet Noor record, but the priced 8 oz bag says only 'chopped dates' without naming the variety. Variety matters here: USDA's Medjool record reports 6.7 g fiber per 100 g, so an unnamed-variety bag cannot be pinned to 8.0, and the row stays a proxy."
49,Oranges (navel),Fresh fruit,2.2,per lb,1.54,454,0.73,0.339,4.7,BLS US avg June 2026 (APU0000711311),exact,USDA FoodData Central SR Legacy,FDC 169917,https://api.nal.usda.gov/fdc/v1/food/169917?api_key=DEMO_KEY,"Oranges, raw, navels (Includes foods for USDA's Food Distribution Program)","Raw, navels","Corrected from 2.4, which is the generic record FDC 169097 (Oranges, raw, all commercial varieties); the navel-specific record is the match. edible_fraction 0.73 left unchanged: refuse is not published on the portal-data endpoint, so it could not be re-verified."
50,Raspberries,Fresh fruit,6.5,6 oz box,2.48,170,1.0,1.459,4.5,Walmart,exact,USDA FoodData Central SR Legacy,FDC 167755,https://api.nal.usda.gov/fdc/v1/food/167755?api_key=DEMO_KEY,"Raspberries, raw",Raw,
51,Blackberries,Fresh fruit,5.3,6 oz box,2.28,170,1.0,1.341,4.0,Walmart,exact,USDA FoodData Central SR Legacy,FDC 173946,https://api.nal.usda.gov/fdc/v1/food/173946?api_key=DEMO_KEY,"Blackberries, raw",Raw,
52,Strawberries,Fresh fruit,2.0,16 oz box,3.21,454,0.94,0.707,2.7,BLS US avg July 2026 (APU0000711415),exact,USDA FoodData Central SR Legacy,FDC 167762,https://api.nal.usda.gov/fdc/v1/food/167762?api_key=DEMO_KEY,"Strawberries, raw",Raw,
53,Blueberries,Fresh fruit,2.4,pint (11 oz),2.98,312,1.0,0.955,2.5,Walmart,exact,USDA FoodData Central SR Legacy,FDC 171711,https://api.nal.usda.gov/fdc/v1/food/171711?api_key=DEMO_KEY,"Blueberries, raw",Raw,
