category,title,flag,decision,decision_reason,expected_impact,effort,prerequisites,execution_owner,proof_required,kpi,phase
"Social platforms","Pinterest standard pins (static image + outbound link)","WORKS","MANUAL_EXTERNAL","Worth testing now, but it requires a human account action and platform-rule check; use unique, value-first contributions and record the external result. Account rehabilitation and clean-domain distribution must be measured before scaling volume.","High","High","Clean account test; verified destination URL; approved creative; UTM naming; current Pinterest rule check","Owner / human community manager","Pin URL/screenshot; destination and UTM verified; 7/30-day impressions, outbound clicks, saves, and no policy warning","Outbound clicks and outbound CTR; account impressions as recovery signal","Phase 1: days 1-30"
"Social platforms","Pinterest account rehabilitation after spam-pin removal","SITUATIONAL","MANUAL_EXTERNAL","Worth testing now, but it requires a human account action and platform-rule check; use unique, value-first contributions and record the external result. Account rehabilitation and clean-domain distribution must be measured before scaling volume.","High (enabler)","Low","Clean account test; verified destination URL; approved creative; UTM naming; current Pinterest rule check","Owner / human community manager","Pin URL/screenshot; destination and UTM verified; 7/30-day impressions, outbound clicks, saves, and no policy warning","Outbound clicks and outbound CTR; account impressions as recovery signal","Phase 1: days 1-30"
"Social platforms","Pinterest Idea Pins","SITUATIONAL","QUEUE","Keep in the backlog, but execute only after higher-fit channels complete a 30-day measured test; current expected return does not justify immediate operator time. Account rehabilitation and clean-domain distribution must be measured before scaling volume.","Low-medium","High","Clean account test; verified destination URL; approved creative; UTM naming; current Pinterest rule check","Pinterest operations owner","Pin URL/screenshot; destination and UTM verified; 7/30-day impressions, outbound clicks, saves, and no policy warning","Outbound clicks and outbound CTR; account impressions as recovery signal","Phase 2-3: days 31-90+"
"Social platforms","Pinterest video pins","WORKS","MANUAL_EXTERNAL","Worth testing now, but it requires a human account action and platform-rule check; use unique, value-first contributions and record the external result. Account rehabilitation and clean-domain distribution must be measured before scaling volume.","High","Low","Clean account test; verified destination URL; approved creative; UTM naming; current Pinterest rule check","Owner / human community manager","Pin URL/screenshot; destination and UTM verified; 7/30-day impressions, outbound clicks, saves, and no policy warning","Outbound clicks and outbound CTR; account impressions as recovery signal","Phase 1: days 1-30"
"Social platforms","Boards as SEO assets (board titles, descriptions, keyword architecture)","WORKS","MANUAL_EXTERNAL","Worth testing now, but it requires a human account action and platform-rule check; use unique, value-first contributions and record the external result.","High (enabler)","Low","Human operator approval and platform-native execution","Owner / human community manager","Completed checklist or live artifact plus UTM/referral analytics at 7 and 30 days","Qualified organic sessions per operator hour","Phase 1: days 1-30"
"Social platforms","Pinterest group boards","DEAD","REJECT","Pinterest de-weighted group-board reach and spam-heavy boards are a negative account-quality signal; reject because this account is already recovering from spam.","None / negative avoided","Medium","None","Growth lead (maintain denylist)","Denylist entry with cited platform/status/risk rationale; quarterly recheck only","0 operator hours; 0 policy incidents","REJECTED"
"Social platforms","Tailwind Communities (formerly ""Tribes"")","MYTH","REJECT","Paid reciprocal-sharing pod with marginal clicks and engagement-pattern risk; it adds cost without solving the account's distribution problem.","None / negative avoided","Medium","None","Growth lead (maintain denylist)","Denylist entry with cited platform/status/risk rationale; quarterly recheck only","0 operator hours; 0 policy incidents","REJECTED"
"Social platforms","TikTok short-form video (standard FYP video)","WORKS","MANUAL_EXTERNAL","Worth testing now, but it requires a human account action and platform-rule check; use unique, value-first contributions and record the external result.","High","Low","Active account; approved vertical asset; exact bio destination; UTM naming","Owner / human community manager","Live post URL/screenshot; profile link verified; 7/30-day views, profile visits, outbound sessions, and no removal","Website sessions per 1,000 views; profile-to-link CTR","Phase 1: days 1-30"
"Social platforms","TikTok Search / TikTok SEO (captions, on-screen text, spoken keywords)","WORKS","EXECUTE_NOW","Start the internal preparation or operating rule now because it is low-risk, reusable across campaigns, and does not require an audience before it creates value.","High (enabler)","Low","Active account; approved vertical asset; exact bio destination; UTM naming","Content repurposing agent + owner publish approval","Live post URL/screenshot; profile link verified; 7/30-day views, profile visits, outbound sessions, and no removal","Website sessions per 1,000 views; profile-to-link CTR","Phase 1: days 1-30"
"Social platforms","TikTok Photo Mode / carousel posts","WORKS","MANUAL_EXTERNAL","Worth testing now, but it requires a human account action and platform-rule check; use unique, value-first contributions and record the external result.","Medium","Low","Active account; approved vertical asset; exact bio destination; UTM naming","Owner / human community manager","Live post URL/screenshot; profile link verified; 7/30-day views, profile visits, outbound sessions, and no removal","Website sessions per 1,000 views; profile-to-link CTR","Phase 1: days 1-30"
"Social platforms","TikTok Series (paid episodic collections)","SITUATIONAL","DEPENDENCY","Do not activate yet; the tactic only becomes viable after its audience, account-history, eligibility, permission, or safety prerequisite is proved.","Low-medium","High","Active account; approved vertical asset; exact bio destination; UTM naming","Content repurposing agent + owner publish approval","Live post URL/screenshot; profile link verified; 7/30-day views, profile visits, outbound sessions, and no removal","Website sessions per 1,000 views; profile-to-link CTR","Phase 2: after prerequisite"
"Social platforms","TikTok trending-audio strategy","MYTH","REJECT","Trending audio is a weak standalone lever for informational content in 2026; constant monitoring costs more than the likely incremental website clicks.","None / negative avoided","Low","None","Growth lead (maintain denylist)","Denylist entry with cited platform/status/risk rationale; quarterly recheck only","0 operator hours; 0 policy incidents","REJECTED"
"Social platforms","Instagram Reels","SITUATIONAL","MANUAL_EXTERNAL","Worth testing now, but it requires a human account action and platform-rule check; use unique, value-first contributions and record the external result.","Low-medium","Low","Active account; approved asset; exact bio destination; Meta rule check","Owner / human community manager","Live post URL/screenshot; profile link verified; 7/30-day views, profile visits, outbound sessions, and no removal","Website sessions per 1,000 views; profile-to-link CTR","Phase 1: days 1-30"
"Social platforms","Instagram bio link (and link-in-bio tools)","WORKS","MANUAL_EXTERNAL","Worth testing now, but it requires a human account action and platform-rule check; use unique, value-first contributions and record the external result.","High (enabler)","Low","Active account; approved asset; exact bio destination; Meta rule check","Owner / human community manager","Live post URL/screenshot; profile link verified; 7/30-day views, profile visits, outbound sessions, and no removal","Website sessions per 1,000 views; profile-to-link CTR","Phase 1: days 1-30"
"Social platforms","Instagram Stories + link sticker","SITUATIONAL","DEPENDENCY","Do not activate yet; the tactic only becomes viable after its audience, account-history, eligibility, permission, or safety prerequisite is proved.","Low-medium","Low","Active account; approved asset; exact bio destination; Meta rule check","Growth operations agent","Live post URL/screenshot; profile link verified; 7/30-day views, profile visits, outbound sessions, and no removal","Website sessions per 1,000 views; profile-to-link CTR","Phase 2: after prerequisite"
"Social platforms","Instagram carousels (static, swipeable)","SITUATIONAL","MANUAL_EXTERNAL","Worth testing now, but it requires a human account action and platform-rule check; use unique, value-first contributions and record the external result.","Low-medium","Low","Active account; approved asset; exact bio destination; Meta rule check","Owner / human community manager","Live post URL/screenshot; profile link verified; 7/30-day views, profile visits, outbound sessions, and no removal","Website sessions per 1,000 views; profile-to-link CTR","Phase 1: days 1-30"
"Social platforms","Instagram broadcast channels","SITUATIONAL","DEPENDENCY","Do not activate yet; the tactic only becomes viable after its audience, account-history, eligibility, permission, or safety prerequisite is proved.","Low-medium","Low","Active account; approved asset; exact bio destination; Meta rule check","Growth operations agent","Live post URL/screenshot; profile link verified; 7/30-day views, profile visits, outbound sessions, and no removal","Website sessions per 1,000 views; profile-to-link CTR","Phase 2: after prerequisite"
"Social platforms","Instagram caption SEO + manual alt text","SITUATIONAL","EXECUTE_NOW","Start the internal preparation or operating rule now because it is low-risk, reusable across campaigns, and does not require an audience before it creates value.","Low-medium","Low","Active account; approved asset; exact bio destination; Meta rule check","Growth operations agent","Live post URL/screenshot; profile link verified; 7/30-day views, profile visits, outbound sessions, and no removal","Website sessions per 1,000 views; profile-to-link CTR","Phase 1: days 1-30"
"Social platforms","Instagram hashtags as a discovery mechanism","DEAD","REJECT","Instagram removed hashtag following and platform guidance says hashtags do not materially expand reach; use 3-5 labels only, not this as a growth method.","None / negative avoided","Low","None","Growth lead (maintain denylist)","Denylist entry with cited platform/status/risk rationale; quarterly recheck only","0 operator hours; 0 policy incidents","REJECTED"
"Social platforms","YouTube Shorts","SITUATIONAL","MANUAL_EXTERNAL","Worth testing now, but it requires a human account action and platform-rule check; use unique, value-first contributions and record the external result.","High","Low","Branded channel profile with site link; approved asset/comment; spam-safe unique copy","Owner / human community manager","Live post URL/screenshot; profile link verified; 7/30-day views, profile visits, outbound sessions, and no removal","Website sessions per 1,000 views; profile-to-link CTR","Phase 1: days 1-30"
"Social platforms","YouTube long-form video","WORKS","QUEUE","Keep in the backlog, but execute only after higher-fit channels complete a 30-day measured test; current expected return does not justify immediate operator time.","Medium","High","Branded channel profile with site link; approved asset/comment; spam-safe unique copy","Content repurposing agent + owner publish approval","Live post URL/screenshot; profile link verified; 7/30-day views, profile visits, outbound sessions, and no removal","Website sessions per 1,000 views; profile-to-link CTR","Phase 2-3: days 31-90+"
"Social platforms","YouTube Community tab","SITUATIONAL","DEPENDENCY","Do not activate yet; the tactic only becomes viable after its audience, account-history, eligibility, permission, or safety prerequisite is proved.","Low-medium","Low","Branded channel profile with site link; approved asset/comment; spam-safe unique copy","Community research agent + owner action","Live post URL/screenshot; profile link verified; 7/30-day views, profile visits, outbound sessions, and no removal","Website sessions per 1,000 views; profile-to-link CTR","Phase 2: after prerequisite"
"Social platforms","YouTube playlists as SEO assets","SITUATIONAL","DEPENDENCY","Do not activate yet; the tactic only becomes viable after its audience, account-history, eligibility, permission, or safety prerequisite is proved.","Low-medium","Low","Branded channel profile with site link; approved asset/comment; spam-safe unique copy","Growth operations agent","Live post URL/screenshot; profile link verified; 7/30-day views, profile visits, outbound sessions, and no removal","Website sessions per 1,000 views; profile-to-link CTR","Phase 2: after prerequisite"
"Social platforms","Pinned comment as a link vector","WORKS","MANUAL_EXTERNAL","Worth testing now, but it requires a human account action and platform-rule check; use unique, value-first contributions and record the external result.","Medium","Low","Human operator approval and platform-native execution","Owner / human community manager","Completed checklist or live artifact plus UTM/referral analytics at 7 and 30 days","Qualified organic sessions per operator hour","Phase 1: days 1-30"
"Social platforms","Facebook Page posts","DEAD","REJECT","Organic Page link reach is effectively dead at zero followers; no paid budget or imported audience exists to make this viable.","None / negative avoided","Low","None","Growth lead (maintain denylist)","Denylist entry with cited platform/status/risk rationale; quarterly recheck only","0 operator hours; 0 policy incidents","REJECTED"
"Social platforms","Participating in other people's Facebook Groups","WORKS","DEPENDENCY","Do not activate yet; the tactic only becomes viable after its audience, account-history, eligibility, permission, or safety prerequisite is proved. Group rules and Admin Assist must be checked before any link-bearing action.","High (enabler)","High","Group shortlist and rule audit; 5-10 native contributions before any permitted link","Community research agent + owner action","Rule snapshot and contribution URL/screenshot; referral/profile sessions; moderation outcome after 7 days","Qualified referral/profile sessions per contribution; survival rate; removals/bans","Phase 2: after prerequisite"
"Social platforms","Running your own Facebook Group","SITUATIONAL","QUEUE","Keep in the backlog, but execute only after higher-fit channels complete a 30-day measured test; current expected return does not justify immediate operator time. Group rules and Admin Assist must be checked before any link-bearing action.","High (enabler)","Very high","Group shortlist and rule audit; 5-10 native contributions before any permitted link","Community research agent + owner action","Rule snapshot and contribution URL/screenshot; referral/profile sessions; moderation outcome after 7 days","Qualified referral/profile sessions per contribution; survival rate; removals/bans","Phase 2-3: days 31-90+"
"Social platforms","Facebook Reels","SITUATIONAL","MANUAL_EXTERNAL","Worth testing now, but it requires a human account action and platform-rule check; use unique, value-first contributions and record the external result.","Low-medium","Low","Human operator approval and platform-native execution","Owner / human community manager","Live post URL/screenshot; profile link verified; 7/30-day views, profile visits, outbound sessions, and no removal","Website sessions per 1,000 views; profile-to-link CTR","Phase 1: days 1-30"
"Social platforms","Facebook Marketplace","MYTH","REJECT","Marketplace is for listings, not editorial traffic; using it to route users to articles risks removal and account restriction.","None / negative avoided","Unknown / verify","None","Growth lead (maintain denylist)","Denylist entry with cited platform/status/risk rationale; quarterly recheck only","0 operator hours; 0 policy incidents","REJECTED"
"Social platforms","Facebook Stories","DEAD","REJECT","Stories are follower-gated and the research marks the surface dead for acquisition; auto-cross-posting would create vanity activity without clicks.","None / negative avoided","Low","None","Growth lead (maintain denylist)","Denylist entry with cited platform/status/risk rationale; quarterly recheck only","0 operator hours; 0 policy incidents","REJECTED"
"Social platforms","X / Twitter posts with links","DEAD","REJECT","X suppresses outbound-link posts and the account has no audience; expected website traffic does not justify ongoing posting.","None / negative avoided","Low","None","Growth lead (maintain denylist)","Denylist entry with cited platform/status/risk rationale; quarterly recheck only","0 operator hours; 0 policy incidents","REJECTED"
"Social platforms","X reply-guy strategy (commenting under large accounts)","SITUATIONAL","QUEUE","Keep in the backlog, but execute only after higher-fit channels complete a 30-day measured test; current expected return does not justify immediate operator time.","Low-medium","Very high","Ranked-channel capacity; tracking convention; 30-day test brief","Growth operations agent","Completed checklist or live artifact plus UTM/referral analytics at 7 and 30 days","Qualified organic sessions per operator hour","Phase 2-3: days 31-90+"
"Social platforms","LinkedIn personal profile posts","SITUATIONAL","QUEUE","Keep in the backlog, but execute only after higher-fit channels complete a 30-day measured test; current expected return does not justify immediate operator time.","Low-medium","Medium","Ranked-channel capacity; tracking convention; 30-day test brief","Growth operations agent","Completed checklist or live artifact plus UTM/referral analytics at 7 and 30 days","Qualified organic sessions per operator hour","Phase 2-3: days 31-90+"
"Social platforms","LinkedIn company page","DEAD","REJECT","Company-page organic reach is follower-gated, the site has no B2B audience, and zero-following posts produce negligible clicks.","None / negative avoided","Low","None","Growth lead (maintain denylist)","Denylist entry with cited platform/status/risk rationale; quarterly recheck only","0 operator hours; 0 policy incidents","REJECTED"
"Social platforms","LinkedIn newsletters","SITUATIONAL","DEPENDENCY","Do not activate yet; the tactic only becomes viable after its audience, account-history, eligibility, permission, or safety prerequisite is proved.","Low-medium","High","Named eligibility, audience, permission, or account-history threshold must be documented","Growth operations agent","Completed checklist or live artifact plus UTM/referral analytics at 7 and 30 days","Qualified organic sessions per operator hour","Phase 2: after prerequisite"
"Social platforms","LinkedIn articles (long-form on-platform)","DEAD","REJECT","The platform keeps consumption on LinkedIn and external CTR is near zero; duplicating articles there adds maintenance without a realistic acquisition path.","None / negative avoided","Medium","None","Growth lead (maintain denylist)","Denylist entry with cited platform/status/risk rationale; quarterly recheck only","0 operator hours; 0 policy incidents","REJECTED"
"Social platforms","Threads","WORKS","QUEUE","Keep in the backlog, but execute only after higher-fit channels complete a 30-day measured test; current expected return does not justify immediate operator time.","Medium","Low","Ranked-channel capacity; tracking convention; 30-day test brief","Growth operations agent","Completed checklist or live artifact plus UTM/referral analytics at 7 and 30 days","Qualified organic sessions per operator hour","Phase 2-3: days 31-90+"
"Social platforms","Bluesky","SITUATIONAL","QUEUE","Keep in the backlog, but execute only after higher-fit channels complete a 30-day measured test; current expected return does not justify immediate operator time.","Low-medium","Low","Ranked-channel capacity; tracking convention; 30-day test brief","Growth operations agent","Completed checklist or live artifact plus UTM/referral analytics at 7 and 30 days","Qualified organic sessions per operator hour","Phase 2-3: days 31-90+"
"Social platforms","Mastodon / the wider Fediverse","DEAD","REJECT","Follower-first distribution and no meaningful existing audience make the expected traffic too low for a one-operator program.","None / negative avoided","Low","None","Growth lead (maintain denylist)","Denylist entry with cited platform/status/risk rationale; quarterly recheck only","0 operator hours; 0 policy incidents","REJECTED"
"Social platforms","Snapchat Spotlight","SITUATIONAL","QUEUE","Keep in the backlog, but execute only after higher-fit channels complete a 30-day measured test; current expected return does not justify immediate operator time.","Low-medium","Low","Ranked-channel capacity; tracking convention; 30-day test brief","Growth operations agent","Completed checklist or live artifact plus UTM/referral analytics at 7 and 30 days","Qualified organic sessions per operator hour","Phase 2-3: days 31-90+"
"Social platforms","Tumblr","SITUATIONAL","QUEUE","Keep in the backlog, but execute only after higher-fit channels complete a 30-day measured test; current expected return does not justify immediate operator time.","Low-medium","Low","Ranked-channel capacity; tracking convention; 30-day test brief","Growth operations agent","Completed checklist or live artifact plus UTM/referral analytics at 7 and 30 days","Qualified organic sessions per operator hour","Phase 2-3: days 31-90+"
"Social platforms","Flipboard","WORKS","MANUAL_EXTERNAL","Worth testing now, but it requires a human account action and platform-rule check; use unique, value-first contributions and record the external result.","Medium","Low","Human operator approval and platform-native execution","Owner / human community manager","Completed checklist or live artifact plus UTM/referral analytics at 7 and 30 days","Qualified organic sessions per operator hour","Phase 1: days 1-30"
"Social platforms","Medium","SITUATIONAL","QUEUE","Keep in the backlog, but execute only after higher-fit channels complete a 30-day measured test; current expected return does not justify immediate operator time.","Low-medium","Medium","Ranked-channel capacity; tracking convention; 30-day test brief","Growth operations agent","Completed checklist or live artifact plus UTM/referral analytics at 7 and 30 days","Qualified organic sessions per operator hour","Phase 2-3: days 31-90+"
"Social platforms","Substack Notes","SITUATIONAL","DEPENDENCY","Do not activate yet; the tactic only becomes viable after its audience, account-history, eligibility, permission, or safety prerequisite is proved.","Low-medium","Low","Named eligibility, audience, permission, or account-history threshold must be documented","Community research agent + owner action","Rule snapshot and contribution URL/screenshot; referral/profile sessions; moderation outcome after 7 days","Qualified referral/profile sessions per contribution; survival rate; removals/bans","Phase 2: after prerequisite"
"Social platforms","Nextdoor","DEAD","REJECT","The site is national and editorial, while Nextdoor requires local relevance; promotional article links risk moderation and deliver negligible traffic.","None / negative avoided","Medium","None","Growth lead (maintain denylist)","Denylist entry with cited platform/status/risk rationale; quarterly recheck only","0 operator hours; 0 policy incidents","REJECTED"
"Social platforms","WhatsApp Channels","SITUATIONAL","DEPENDENCY","Do not activate yet; the tactic only becomes viable after its audience, account-history, eligibility, permission, or safety prerequisite is proved.","Low-medium","Low","Named eligibility, audience, permission, or account-history threshold must be documented","Growth operations agent","Completed checklist or live artifact plus UTM/referral analytics at 7 and 30 days","Qualified organic sessions per operator hour","Phase 2: after prerequisite"
"Social platforms","Telegram channels","DEAD","REJECT","Telegram has no useful discovery surface for a new channel; without an imported audience it cannot create organic website traffic.","None / negative avoided","Low","None","Growth lead (maintain denylist)","Denylist entry with cited platform/status/risk rationale; quarterly recheck only","0 operator hours; 0 policy incidents","REJECTED"
"Social platforms","Discord","SITUATIONAL","QUEUE","Keep in the backlog, but execute only after higher-fit channels complete a 30-day measured test; current expected return does not justify immediate operator time.","Low-medium","High","Ranked-channel capacity; tracking convention; 30-day test brief","Growth operations agent","Completed checklist or live artifact plus UTM/referral analytics at 7 and 30 days","Qualified organic sessions per operator hour","Phase 2-3: days 31-90+"
"Social platforms","Twitch","DEAD","REJECT","Live streaming is an extreme production commitment with weak fit for static food-cost research and no existing audience.","None / negative avoided","Very high","None","Growth lead (maintain denylist)","Denylist entry with cited platform/status/risk rationale; quarterly recheck only","0 operator hours; 0 policy incidents","REJECTED"
"Social platforms","Rumble","SITUATIONAL","QUEUE","Keep in the backlog, but execute only after higher-fit channels complete a 30-day measured test; current expected return does not justify immediate operator time.","Low-medium","Low","Ranked-channel capacity; tracking convention; 30-day test brief","Growth operations agent","Completed checklist or live artifact plus UTM/referral analytics at 7 and 30 days","Qualified organic sessions per operator hour","Phase 2-3: days 31-90+"
"Social platforms","Vimeo","DEAD","REJECT","Vimeo is video hosting rather than a meaningful zero-audience discovery channel; uploads would duplicate YouTube without traffic.","None / negative avoided","Low","None","Growth lead (maintain denylist)","Denylist entry with cited platform/status/risk rationale; quarterly recheck only","0 operator hours; 0 policy incidents","REJECTED"
"Social platforms","Dailymotion","SITUATIONAL","QUEUE","Keep in the backlog, but execute only after higher-fit channels complete a 30-day measured test; current expected return does not justify immediate operator time.","Low-medium","Low","Ranked-channel capacity; tracking convention; 30-day test brief","Growth operations agent","Completed checklist or live artifact plus UTM/referral analytics at 7 and 30 days","Qualified organic sessions per operator hour","Phase 2-3: days 31-90+"
"Social platforms","Odysee","DEAD","REJECT","Audience and topic fit are too weak for budget-food explainers; expected traffic is near zero even with reused videos.","None / negative avoided","Low","None","Growth lead (maintain denylist)","Denylist entry with cited platform/status/risk rationale; quarterly recheck only","0 operator hours; 0 policy incidents","REJECTED"
"Social platforms","Lemon8","SITUATIONAL","QUEUE","Keep in the backlog, but execute only after higher-fit channels complete a 30-day measured test; current expected return does not justify immediate operator time.","Low-medium","Low","Ranked-channel capacity; tracking convention; 30-day test brief","Growth operations agent","Completed checklist or live artifact plus UTM/referral analytics at 7 and 30 days","Qualified organic sessions per operator hour","Phase 2-3: days 31-90+"
"Social platforms","RedNote / Xiaohongshu","DEAD","REJECT","Registration and language friction are high, US website-click intent is low, and the work would divert resources from proven English-language surfaces.","None / negative avoided","High","None","Growth lead (maintain denylist)","Denylist entry with cited platform/status/risk rationale; quarterly recheck only","0 operator hours; 0 policy incidents","REJECTED"
"Social platforms","VK (VKontakte)","DEAD","REJECT","Regional and language mismatch with the site's US English audience makes this non-viable.","None / negative avoided","Unknown / verify","None","Growth lead (maintain denylist)","Denylist entry with cited platform/status/risk rationale; quarterly recheck only","0 operator hours; 0 policy incidents","REJECTED"
"Social platforms","Naver Blog / Naver Cafe","DEAD","REJECT","Korean-language ecosystem and regional search behavior do not match the site's US English audience.","None / negative avoided","Unknown / verify","None","Growth lead (maintain denylist)","Denylist entry with cited platform/status/risk rationale; quarterly recheck only","0 operator hours; 0 policy incidents","REJECTED"
"Social platforms","Reddit (as a social platform surface)","WORKS","DEPENDENCY","Do not activate yet; the tactic only becomes viable after its audience, account-history, eligibility, permission, or safety prerequisite is proved. The domain has prior filtering/ban history, so no self-linking, ban evasion, or posting in a banned subreddit is allowed.","Medium","Unknown / verify","Subreddit rule audit; logged-out visibility check; no banned-sub participation; no self-link during recovery window","Community research agent + owner action","Rule snapshot; live logged-out URL; removal status; profile/organic sessions; no link if disallowed","Qualified referral/profile sessions per contribution; survival rate; removals/bans","Phase 2: after prerequisite"
"Social platforms","Cookpad","SITUATIONAL","QUEUE","Keep in the backlog, but execute only after higher-fit channels complete a 30-day measured test; current expected return does not justify immediate operator time.","Low-medium","Medium","Ranked-channel capacity; tracking convention; 30-day test brief","Growth operations agent","Completed checklist or live artifact plus UTM/referral analytics at 7 and 30 days","Qualified organic sessions per operator hour","Phase 2-3: days 31-90+"
"Social platforms","Food52 community (Hotline / community recipes)","SITUATIONAL","QUEUE","Keep in the backlog, but execute only after higher-fit channels complete a 30-day measured test; current expected return does not justify immediate operator time.","Low-medium","Medium","Ranked-channel capacity; tracking convention; 30-day test brief","Community research agent + owner action","Rule snapshot and contribution URL/screenshot; referral/profile sessions; moderation outcome after 7 days","Qualified referral/profile sessions per contribution; survival rate; removals/bans","Phase 2-3: days 31-90+"
"Social platforms","MyFitnessPal community forums","SITUATIONAL","DEPENDENCY","Do not activate yet; the tactic only becomes viable after its audience, account-history, eligibility, permission, or safety prerequisite is proved. Contributions must stay economics/data-only and avoid medical advice because the author has no clinical credential.","Low-medium","Medium","Economics-only answer; source citations; no health guidance; community rule approval","Community research agent + owner action","Rule snapshot and contribution URL/screenshot; referral/profile sessions; moderation outcome after 7 days","Qualified referral/profile sessions per contribution; survival rate; removals/bans","Phase 2: after prerequisite"
"Social platforms","Cronometer community / subreddit","SITUATIONAL","DEPENDENCY","Do not activate yet; the tactic only becomes viable after its audience, account-history, eligibility, permission, or safety prerequisite is proved. The domain has prior filtering/ban history, so no self-linking, ban evasion, or posting in a banned subreddit is allowed.","Low-medium","Medium","Subreddit rule audit; logged-out visibility check; no banned-sub participation; no self-link during recovery window","Community research agent + owner action","Rule snapshot; live logged-out URL; removal status; profile/organic sessions; no link if disallowed","Qualified referral/profile sessions per contribution; survival rate; removals/bans","Phase 2: after prerequisite"
"Social platforms","Meal-prep communities (r/MealPrepSunday, Facebook meal-prep groups, Discord servers)","WORKS","DEPENDENCY","Do not activate yet; the tactic only becomes viable after its audience, account-history, eligibility, permission, or safety prerequisite is proved.","Medium","High","Named eligibility, audience, permission, or account-history threshold must be documented","Growth operations agent","Completed checklist or live artifact plus UTM/referral analytics at 7 and 30 days","Qualified organic sessions per operator hour","Phase 2: after prerequisite"
"Social platforms","Yummly","DEAD","REJECT","Yummly's former publisher-referral mechanism is no longer a dependable acquisition route; no active zero-cost submission path was identified.","None / negative avoided","Unknown / verify","None","Growth lead (maintain denylist)","Denylist entry with cited platform/status/risk rationale; quarterly recheck only","0 operator hours; 0 policy incidents","REJECTED"
"Social platforms","Allrecipes community profiles / recipe-box social layer","DEAD","REJECT","Allrecipes does not provide a dependable publisher link-acquisition path, and manual recipe duplication would compete with higher-value owned content work.","None / negative avoided","Medium","None","Growth lead (maintain denylist)","Denylist entry with cited platform/status/risk rationale; quarterly recheck only","0 operator hours; 0 policy incidents","REJECTED"
"Social platforms","Link-in-bio strategy (single rotating link vs. link menu)","WORKS","EXECUTE_NOW","Start the internal preparation or operating rule now because it is low-risk, reusable across campaigns, and does not require an audience before it creates value.","High (enabler)","Low","Ranked-channel capacity; tracking convention; 30-day test brief","Growth operations agent","Completed checklist or live artifact plus UTM/referral analytics at 7 and 30 days","Qualified organic sessions per operator hour","Phase 1: days 1-30"
"Social platforms","Profile optimization as a search asset","WORKS","MANUAL_EXTERNAL","Worth testing now, but it requires a human account action and platform-rule check; use unique, value-first contributions and record the external result.","High (enabler)","Low","Human operator approval and platform-native execution","Owner / human community manager","Completed checklist or live artifact plus UTM/referral analytics at 7 and 30 days","Qualified organic sessions per operator hour","Phase 1: days 1-30"
"Social platforms","Hashtags, honestly, per platform (2026 practice)","SITUATIONAL","EXECUTE_NOW","Start the internal preparation or operating rule now because it is low-risk, reusable across campaigns, and does not require an audience before it creates value.","Low-medium","Unknown / verify","Ranked-channel capacity; tracking convention; 30-day test brief","Growth operations agent","Completed checklist or live artifact plus UTM/referral analytics at 7 and 30 days","Qualified organic sessions per operator hour","Phase 1: days 1-30"
"Social platforms","Posting cadence","SITUATIONAL","EXECUTE_NOW","Start the internal preparation or operating rule now because it is low-risk, reusable across campaigns, and does not require an audience before it creates value.","Low-medium","Unknown / verify","Ranked-channel capacity; tracking convention; 30-day test brief","Growth operations agent","Completed checklist or live artifact plus UTM/referral analytics at 7 and 30 days","Qualified organic sessions per operator hour","Phase 0: safety and setup"
"Social platforms","Repurposing one asset across N platforms","WORKS","EXECUTE_NOW","Start the internal preparation or operating rule now because it is low-risk, reusable across campaigns, and does not require an audience before it creates value.","High","Low","Ranked-channel capacity; tracking convention; 30-day test brief","Growth operations agent","Completed checklist or live artifact plus UTM/referral analytics at 7 and 30 days","Qualified organic sessions per operator hour","Phase 1: days 1-30"
"Social platforms","Watermarks (as branding vs. as penalty)","WORKS","EXECUTE_NOW","Start the internal preparation or operating rule now because it is low-risk, reusable across campaigns, and does not require an audience before it creates value.","Medium","Low","Ranked-channel capacity; tracking convention; 30-day test brief","Growth operations agent","Completed checklist or live artifact plus UTM/referral analytics at 7 and 30 days","Qualified organic sessions per operator hour","Phase 1: days 1-30"
"Social platforms","Comment-section traffic tactics","WORKS","QUEUE","Keep in the backlog, but execute only after higher-fit channels complete a 30-day measured test; current expected return does not justify immediate operator time.","Medium","High","Ranked-channel capacity; tracking convention; 30-day test brief","Growth operations agent","Completed checklist or live artifact plus UTM/referral analytics at 7 and 30 days","Qualified organic sessions per operator hour","Phase 2-3: days 31-90+"
"Social platforms","Collaboration posts (Instagram/Facebook ""Collab"", TikTok duets/stitches)","SITUATIONAL","DEPENDENCY","Do not activate yet; the tactic only becomes viable after its audience, account-history, eligibility, permission, or safety prerequisite is proved.","Low-medium","Medium","Active account; approved vertical asset; exact bio destination; UTM naming","Content repurposing agent + owner publish approval","Live post URL/screenshot; profile link verified; 7/30-day views, profile visits, outbound sessions, and no removal","Website sessions per 1,000 views; profile-to-link CTR","Phase 2: after prerequisite"
"Social platforms","Comment-to-DM automation (""comment PRICE and I'll send the link"")","WORKS","DEPENDENCY","Do not activate yet; the tactic only becomes viable after its audience, account-history, eligibility, permission, or safety prerequisite is proved.","Medium","Medium","Named eligibility, audience, permission, or account-history threshold must be documented","Growth operations agent","Completed checklist or live artifact plus UTM/referral analytics at 7 and 30 days","Qualified organic sessions per operator hour","Phase 2: after prerequisite"
"Social platforms","Engagement pods","MYTH","REJECT","Coordinated reciprocal engagement creates inauthentic signals, consumes ongoing time, and can trigger platform enforcement without dependable website clicks.","None / negative avoided","Medium","None","Growth lead (maintain denylist)","Denylist entry with cited platform/status/risk rationale; quarterly recheck only","0 operator hours; 0 policy incidents","REJECTED"
"Social platforms","Follow/unfollow and mass-following","DEAD","REJECT","Inauthentic mass-follow behavior risks account restrictions and produces low-quality followers rather than outbound traffic.","None / negative avoided","Medium","None","Growth lead (maintain denylist)","Denylist entry with cited platform/status/risk rationale; quarterly recheck only","0 operator hours; 0 policy incidents","REJECTED"
"Social platforms","Buying followers / views / saves","MYTH","REJECT","Purchased engagement violates platform rules, corrupts measurement, and can permanently damage account and domain trust.","None / negative avoided","Unknown / verify","None","Growth lead (maintain denylist)","Denylist entry with cited platform/status/risk rationale; quarterly recheck only","0 operator hours; 0 policy incidents","REJECTED"
"Social platforms","Social bookmarking sites (StumbleUpon, Digg, Delicious, Mix, Scoop.it)","DEAD","REJECT","The cited services are closed, moribund, or no longer send material editorial referral traffic.","None / negative avoided","Unknown / verify","None","Growth lead (maintain denylist)","Denylist entry with cited platform/status/risk rationale; quarterly recheck only","0 operator hours; 0 policy incidents","REJECTED"
"Social platforms","Automated cross-posting tools as a strategy","SITUATIONAL","QUEUE","Keep in the backlog, but execute only after higher-fit channels complete a 30-day measured test; current expected return does not justify immediate operator time.","Low-medium","Low","Ranked-channel capacity; tracking convention; 30-day test brief","Growth operations agent","Completed checklist or live artifact plus UTM/referral analytics at 7 and 30 days","Qualified organic sessions per operator hour","Phase 2-3: days 31-90+"
"Social platforms","Master index — all 80 methods","SITUATIONAL","REJECT","This is an index row, not an executable growth method; its underlying 79 entries are evaluated separately.","None / negative avoided","Unknown / verify","None","Growth lead (maintain denylist)","Denylist entry with cited platform/status/risk rationale; quarterly recheck only","0 operator hours; 0 policy incidents","REJECTED"
"Communities & forums","Method index","SITUATIONAL","REJECT","This is an index row, not an executable community tactic; all underlying community entries are evaluated separately.","None / negative avoided","Unknown / verify","None","Growth lead (maintain denylist)","Denylist entry with cited platform/status/risk rationale; quarterly recheck only","0 operator hours; 0 policy incidents","REJECTED"
"Communities & forums","Subreddit selection and tiering","WORKS","EXECUTE_NOW","Start the internal preparation or operating rule now because it is low-risk, reusable across campaigns, and does not require an audience before it creates value. The domain has prior filtering/ban history, so no self-linking, ban evasion, or posting in a banned subreddit is allowed.","High (enabler)","Low","Subreddit rule audit; logged-out visibility check; no banned-sub participation; no self-link during recovery window","Community research agent + owner action","Rule snapshot; live logged-out URL; removal status; profile/organic sessions; no link if disallowed","Qualified referral/profile sessions per contribution; survival rate; removals/bans","Phase 0: safety and setup"
"Communities & forums","Karma and account-age gates","SITUATIONAL","DEPENDENCY","Do not activate yet; the tactic only becomes viable after its audience, account-history, eligibility, permission, or safety prerequisite is proved.","Low-medium","High","Named eligibility, audience, permission, or account-history threshold must be documented","Growth operations agent","Completed checklist or live artifact plus UTM/referral analytics at 7 and 30 days","Qualified organic sessions per operator hour","Phase 2: after prerequisite"
"Communities & forums","The self-promotion ratio (9:1 / 19:1)","WORKS","EXECUTE_NOW","Start the internal preparation or operating rule now because it is low-risk, reusable across campaigns, and does not require an audience before it creates value.","Medium","Unknown / verify","Ranked-channel capacity; tracking convention; 30-day test brief","Growth operations agent","Completed checklist or live artifact plus UTM/referral analytics at 7 and 30 days","Qualified organic sessions per operator hour","Phase 1: days 1-30"
"Communities & forums","[OC] original-content data posts","WORKS","DEPENDENCY","Do not activate yet; the tactic only becomes viable after its audience, account-history, eligibility, permission, or safety prerequisite is proved.","Medium","High","Named eligibility, audience, permission, or account-history threshold must be documented","Growth operations agent","Completed checklist or live artifact plus UTM/referral analytics at 7 and 30 days","Qualified organic sessions per operator hour","Phase 2: after prerequisite"
"Communities & forums","Weekly threads, megathreads and promo days","SITUATIONAL","QUEUE","Keep in the backlog, but execute only after higher-fit channels complete a 30-day measured test; current expected return does not justify immediate operator time.","Low-medium","Low","Ranked-channel capacity; tracking convention; 30-day test brief","Growth operations agent","Completed checklist or live artifact plus UTM/referral analytics at 7 and 30 days","Qualified organic sessions per operator hour","Phase 2-3: days 31-90+"
"Communities & forums","AMA / IAmA","MYTH","REJECT","The site lacks the public credentials and established audience normally required for an accepted AMA; attempting one now would look promotional.","None / negative avoided","High","None","Growth lead (maintain denylist)","Denylist entry with cited platform/status/risk rationale; quarterly recheck only","0 operator hours; 0 policy incidents","REJECTED"
"Communities & forums","Running your own subreddit","SITUATIONAL","QUEUE","Keep in the backlog, but execute only after higher-fit channels complete a 30-day measured test; current expected return does not justify immediate operator time. The domain has prior filtering/ban history, so no self-linking, ban evasion, or posting in a banned subreddit is allowed.","Low-medium","Very high","Subreddit rule audit; logged-out visibility check; no banned-sub participation; no self-link during recovery window","Community research agent + owner action","Rule snapshot; live logged-out URL; removal status; profile/organic sessions; no link if disallowed","Qualified referral/profile sessions per contribution; survival rate; removals/bans","Phase 2-3: days 31-90+"
"Communities & forums","Domain-level spam filtering — why it happens, and whether it is reversible","SITUATIONAL","DEPENDENCY","Do not activate yet; the tactic only becomes viable after its audience, account-history, eligibility, permission, or safety prerequisite is proved.","Low-medium","Low","Named eligibility, audience, permission, or account-history threshold must be documented","Growth operations agent","Completed checklist or live artifact plus UTM/referral analytics at 7 and 30 days","Qualified organic sessions per operator hour","Phase 2: after prerequisite"
"Communities & forums","Comment-only value play (answer fully, link nothing)","WORKS","MANUAL_EXTERNAL","Worth testing now, but it requires a human account action and platform-rule check; use unique, value-first contributions and record the external result.","Medium","High","Human operator approval and platform-native execution","Owner / human community manager","Completed checklist or live artifact plus UTM/referral analytics at 7 and 30 days","Qualified organic sessions per operator hour","Phase 1: days 1-30"
"Communities & forums","Reddit as an SEO and AI-answer surface","WORKS","DEPENDENCY","Do not activate yet; the tactic only becomes viable after its audience, account-history, eligibility, permission, or safety prerequisite is proved. The domain has prior filtering/ban history, so no self-linking, ban evasion, or posting in a banned subreddit is allowed.","Medium","Low","Subreddit rule audit; logged-out visibility check; no banned-sub participation; no self-link during recovery window","Community research agent + owner action","Rule snapshot; live logged-out URL; removal status; profile/organic sessions; no link if disallowed","Qualified referral/profile sessions per contribution; survival rate; removals/bans","Phase 2: after prerequisite"
"Communities & forums","Reddit's in-app AI answers","SITUATIONAL","DEPENDENCY","Do not activate yet; the tactic only becomes viable after its audience, account-history, eligibility, permission, or safety prerequisite is proved. The domain has prior filtering/ban history, so no self-linking, ban evasion, or posting in a banned subreddit is allowed.","Low-medium","Unknown / verify","Subreddit rule audit; logged-out visibility check; no banned-sub participation; no self-link during recovery window","Community research agent + owner action","Rule snapshot; live logged-out URL; removal status; profile/organic sessions; no link if disallowed","Qualified referral/profile sessions per contribution; survival rate; removals/bans","Phase 2: after prerequisite"
"Communities & forums","Aged accounts, karma farming, upvote services, alt-account seeding","MYTH","REJECT","Account manipulation and paid votes violate platform rules and could turn the existing Reddit/domain filtering into a permanent ban.","None / negative avoided","Low","None","Growth lead (maintain denylist)","Denylist entry with cited platform/status/risk rationale; quarterly recheck only","0 operator hours; 0 policy incidents","REJECTED"
"Communities & forums","Quora — answering questions","SITUATIONAL","QUEUE","Keep in the backlog, but execute only after higher-fit channels complete a 30-day measured test; current expected return does not justify immediate operator time.","Low-medium","Medium","Ranked-channel capacity; tracking convention; 30-day test brief","Community research agent + owner action","Rule snapshot and contribution URL/screenshot; referral/profile sessions; moderation outcome after 7 days","Qualified referral/profile sessions per contribution; survival rate; removals/bans","Phase 2-3: days 31-90+"
"Communities & forums","Quora Spaces","SITUATIONAL","DEPENDENCY","Do not activate yet; the tactic only becomes viable after its audience, account-history, eligibility, permission, or safety prerequisite is proved.","Low-medium","High","Named eligibility, audience, permission, or account-history threshold must be documented","Community research agent + owner action","Rule snapshot and contribution URL/screenshot; referral/profile sessions; moderation outcome after 7 days","Qualified referral/profile sessions per contribution; survival rate; removals/bans","Phase 2: after prerequisite"
"Communities & forums","Quora Blogs","DEAD","REJECT","The legacy Quora Blogs surface is not an active acquisition mechanism; answers are evaluated separately.","None / negative avoided","Unknown / verify","None","Growth lead (maintain denylist)","Denylist entry with cited platform/status/risk rationale; quarterly recheck only","0 operator hours; 0 policy incidents","REJECTED"
"Communities & forums","Stack Exchange — Seasoned Advice (cooking.stackexchange.com)","SITUATIONAL","QUEUE","Keep in the backlog, but execute only after higher-fit channels complete a 30-day measured test; current expected return does not justify immediate operator time.","Low-medium","High","Ranked-channel capacity; tracking convention; 30-day test brief","Community research agent + owner action","Rule snapshot and contribution URL/screenshot; referral/profile sessions; moderation outcome after 7 days","Qualified referral/profile sessions per contribution; survival rate; removals/bans","Phase 2-3: days 31-90+"
"Communities & forums","Stack Exchange — Personal Finance & Money, Fitness, Health","SITUATIONAL","QUEUE","Keep in the backlog, but execute only after higher-fit channels complete a 30-day measured test; current expected return does not justify immediate operator time. Contributions must stay economics/data-only and avoid medical advice because the author has no clinical credential.","Low-medium","High","Economics-only answer; source citations; no health guidance; community rule approval","Community research agent + owner action","Rule snapshot and contribution URL/screenshot; referral/profile sessions; moderation outcome after 7 days","Qualified referral/profile sessions per contribution; survival rate; removals/bans","Phase 2-3: days 31-90+"
"Communities & forums","Brainly and homework-answer platforms","MYTH","REJECT","Audience intent is homework completion rather than food-cost research, outbound links are heavily moderated, and expected traffic is effectively zero.","None / negative avoided","Low","None","Growth lead (maintain denylist)","Denylist entry with cited platform/status/risk rationale; quarterly recheck only","0 operator hours; 0 policy incidents","REJECTED"
"Communities & forums","Yahoo Answers and its successors","DEAD","REJECT","Yahoo Answers is closed and its minor successors lack sufficient traffic and topical fit.","None / negative avoided","Unknown / verify","None","Growth lead (maintain denylist)","Denylist entry with cited platform/status/risk rationale; quarterly recheck only","0 operator hours; 0 policy incidents","REJECTED"
"Communities & forums","Nextdoor and hyperlocal Q&A","DEAD","REJECT","The national editorial site lacks a local-service use case; links would be off-topic and risk moderation for negligible traffic.","None / negative avoided","Low","None","Growth lead (maintain denylist)","Denylist entry with cited platform/status/risk rationale; quarterly recheck only","0 operator hours; 0 policy incidents","REJECTED"
"Communities & forums","AI answer engines as the new Q&A surface","SITUATIONAL","EXECUTE_NOW","Start the internal preparation or operating rule now because it is low-risk, reusable across campaigns, and does not require an audience before it creates value.","Low-medium","Unknown / verify","Ranked-channel capacity; tracking convention; 30-day test brief","Growth operations agent","Completed checklist or live artifact plus UTM/referral analytics at 7 and 30 days","Qualified organic sessions per operator hour","Phase 1: days 1-30"
"Communities & forums","Bodybuilding and fitness forums","WORKS","DEPENDENCY","Do not activate yet; the tactic only becomes viable after its audience, account-history, eligibility, permission, or safety prerequisite is proved. Contributions must stay economics/data-only and avoid medical advice because the author has no clinical credential.","Medium","Medium","Economics-only answer; source citations; no health guidance; community rule approval","Community research agent + owner action","Rule snapshot and contribution URL/screenshot; referral/profile sessions; moderation outcome after 7 days","Qualified referral/profile sessions per contribution; survival rate; removals/bans","Phase 2: after prerequisite"
"Communities & forums","MyFitnessPal community","SITUATIONAL","DEPENDENCY","Do not activate yet; the tactic only becomes viable after its audience, account-history, eligibility, permission, or safety prerequisite is proved. Contributions must stay economics/data-only and avoid medical advice because the author has no clinical credential.","Low-medium","Medium","Economics-only answer; source citations; no health guidance; community rule approval","Community research agent + owner action","Rule snapshot and contribution URL/screenshot; referral/profile sessions; moderation outcome after 7 days","Qualified referral/profile sessions per contribution; survival rate; removals/bans","Phase 2: after prerequisite"
"Communities & forums","Diet-tribe forums — keto, carnivore, vegan, paleo","SITUATIONAL","QUEUE","Keep in the backlog, but execute only after higher-fit channels complete a 30-day measured test; current expected return does not justify immediate operator time.","Low-medium","Medium","Ranked-channel capacity; tracking convention; 30-day test brief","Community research agent + owner action","Rule snapshot and contribution URL/screenshot; referral/profile sessions; moderation outcome after 7 days","Qualified referral/profile sessions per contribution; survival rate; removals/bans","Phase 2-3: days 31-90+"
"Communities & forums","Mr. Money Mustache forum","WORKS","DEPENDENCY","Do not activate yet; the tactic only becomes viable after its audience, account-history, eligibility, permission, or safety prerequisite is proved.","Medium","High","Named eligibility, audience, permission, or account-history threshold must be documented","Community research agent + owner action","Rule snapshot and contribution URL/screenshot; referral/profile sessions; moderation outcome after 7 days","Qualified referral/profile sessions per contribution; survival rate; removals/bans","Phase 2: after prerequisite"
"Communities & forums","Bogleheads","SITUATIONAL","QUEUE","Keep in the backlog, but execute only after higher-fit channels complete a 30-day measured test; current expected return does not justify immediate operator time.","Low-medium","High","Ranked-channel capacity; tracking convention; 30-day test brief","Growth operations agent","Completed checklist or live artifact plus UTM/referral analytics at 7 and 30 days","Qualified organic sessions per operator hour","Phase 2-3: days 31-90+"
"Communities & forums","Other personal-finance, FIRE and deal forums","SITUATIONAL","QUEUE","Keep in the backlog, but execute only after higher-fit channels complete a 30-day measured test; current expected return does not justify immediate operator time.","Low-medium","Low","Ranked-channel capacity; tracking convention; 30-day test brief","Community research agent + owner action","Rule snapshot and contribution URL/screenshot; referral/profile sessions; moderation outcome after 7 days","Qualified referral/profile sessions per contribution; survival rate; removals/bans","Phase 2-3: days 31-90+"
"Communities & forums","Homesteading and prepping forums","WORKS","DEPENDENCY","Do not activate yet; the tactic only becomes viable after its audience, account-history, eligibility, permission, or safety prerequisite is proved.","Medium","Medium","Named eligibility, audience, permission, or account-history threshold must be documented","Community research agent + owner action","Rule snapshot and contribution URL/screenshot; referral/profile sessions; moderation outcome after 7 days","Qualified referral/profile sessions per contribution; survival rate; removals/bans","Phase 2: after prerequisite"
"Communities & forums","Student forums","SITUATIONAL","QUEUE","Keep in the backlog, but execute only after higher-fit channels complete a 30-day measured test; current expected return does not justify immediate operator time.","Low-medium","Low","Ranked-channel capacity; tracking convention; 30-day test brief","Community research agent + owner action","Rule snapshot and contribution URL/screenshot; referral/profile sessions; moderation outcome after 7 days","Qualified referral/profile sessions per contribution; survival rate; removals/bans","Phase 2-3: days 31-90+"
"Communities & forums","Parenting forums","SITUATIONAL","QUEUE","Keep in the backlog, but execute only after higher-fit channels complete a 30-day measured test; current expected return does not justify immediate operator time.","Low-medium","Medium","Ranked-channel capacity; tracking convention; 30-day test brief","Community research agent + owner action","Rule snapshot and contribution URL/screenshot; referral/profile sessions; moderation outcome after 7 days","Qualified referral/profile sessions per contribution; survival rate; removals/bans","Phase 2-3: days 31-90+"
"Communities & forums","Cooking forums","SITUATIONAL","QUEUE","Keep in the backlog, but execute only after higher-fit channels complete a 30-day measured test; current expected return does not justify immediate operator time.","Low-medium","Low","Ranked-channel capacity; tracking convention; 30-day test brief","Community research agent + owner action","Rule snapshot and contribution URL/screenshot; referral/profile sessions; moderation outcome after 7 days","Qualified referral/profile sessions per contribution; survival rate; removals/bans","Phase 2-3: days 31-90+"
"Communities & forums","Recipe-community sites with member profiles","SITUATIONAL","QUEUE","Keep in the backlog, but execute only after higher-fit channels complete a 30-day measured test; current expected return does not justify immediate operator time.","Low-medium","Medium","Ranked-channel capacity; tracking convention; 30-day test brief","Community research agent + owner action","Rule snapshot and contribution URL/screenshot; referral/profile sessions; moderation outcome after 7 days","Qualified referral/profile sessions per contribution; survival rate; removals/bans","Phase 2-3: days 31-90+"
"Communities & forums","Diabetes and other condition communities — CREDENTIAL RISK","SITUATIONAL","REJECT","The site uses a pen name without clinical credentials; participating in condition communities creates medical-misinformation and trust risk for minimal traffic.","None / negative avoided","Medium","None","Growth lead (maintain denylist)","Denylist entry with cited platform/status/risk rationale; quarterly recheck only","0 operator hours; 0 policy incidents","REJECTED"
"Communities & forums","Forum signature links","SITUATIONAL","DEPENDENCY","Do not activate yet; the tactic only becomes viable after its audience, account-history, eligibility, permission, or safety prerequisite is proved.","Low-medium","Low","Named eligibility, audience, permission, or account-history threshold must be documented","Community research agent + owner action","Rule snapshot and contribution URL/screenshot; referral/profile sessions; moderation outcome after 7 days","Qualified referral/profile sessions per contribution; survival rate; removals/bans","Phase 2: after prerequisite"
"Communities & forums","Discord servers — participating in existing servers","SITUATIONAL","QUEUE","Keep in the backlog, but execute only after higher-fit channels complete a 30-day measured test; current expected return does not justify immediate operator time.","Low-medium","High","Ranked-channel capacity; tracking convention; 30-day test brief","Growth operations agent","Completed checklist or live artifact plus UTM/referral analytics at 7 and 30 days","Qualified organic sessions per operator hour","Phase 2-3: days 31-90+"
"Communities & forums","Running your own Discord server","MYTH","REJECT","A new server has no discovery engine and requires daily moderation; starting from zero would create an empty owned community, not traffic.","None / negative avoided","Very high","None","Growth lead (maintain denylist)","Denylist entry with cited platform/status/risk rationale; quarterly recheck only","0 operator hours; 0 policy incidents","REJECTED"
"Communities & forums","Slack communities","SITUATIONAL","QUEUE","Keep in the backlog, but execute only after higher-fit channels complete a 30-day measured test; current expected return does not justify immediate operator time.","Low-medium","Medium","Ranked-channel capacity; tracking convention; 30-day test brief","Growth operations agent","Completed checklist or live artifact plus UTM/referral analytics at 7 and 30 days","Qualified organic sessions per operator hour","Phase 2-3: days 31-90+"
"Communities & forums","Telegram channels and groups","DEAD","REJECT","Telegram provides no dependable discovery for a new English food-cost channel; traffic is near zero without an imported audience.","None / negative avoided","Medium","None","Growth lead (maintain denylist)","Denylist entry with cited platform/status/risk rationale; quarterly recheck only","0 operator hours; 0 policy incidents","REJECTED"
"Communities & forums","WhatsApp Communities and Channels","MYTH","REJECT","WhatsApp is a retention surface, not zero-audience acquisition; no subscriber base exists to seed a channel.","None / negative avoided","High","None","Growth lead (maintain denylist)","Denylist entry with cited platform/status/risk rationale; quarterly recheck only","0 operator hours; 0 policy incidents","REJECTED"
"Communities & forums","Circle.so","MYTH","REJECT","Paid hosted-community software creates no inbound audience and adds subscription and moderation costs.","None / negative avoided","High","None","Growth lead (maintain denylist)","Denylist entry with cited platform/status/risk rationale; quarterly recheck only","0 operator hours; 0 policy incidents","REJECTED"
"Communities & forums","Skool","SITUATIONAL","QUEUE","Keep in the backlog, but execute only after higher-fit channels complete a 30-day measured test; current expected return does not justify immediate operator time.","Low-medium","High","Ranked-channel capacity; tracking convention; 30-day test brief","Growth operations agent","Completed checklist or live artifact plus UTM/referral analytics at 7 and 30 days","Qualified organic sessions per operator hour","Phase 2-3: days 31-90+"
"Communities & forums","Geneva","DEAD","REJECT","The community app has negligible relevant discovery and no demonstrated US budget-food referral opportunity.","None / negative avoided","Medium","None","Growth lead (maintain denylist)","Denylist entry with cited platform/status/risk rationale; quarterly recheck only","0 operator hours; 0 policy incidents","REJECTED"
"Communities & forums","Lemmy","SITUATIONAL","QUEUE","Keep in the backlog, but execute only after higher-fit channels complete a 30-day measured test; current expected return does not justify immediate operator time.","Low-medium","Low","Ranked-channel capacity; tracking convention; 30-day test brief","Growth operations agent","Completed checklist or live artifact plus UTM/referral analytics at 7 and 30 days","Qualified organic sessions per operator hour","Phase 2-3: days 31-90+"
"Communities & forums","kbin / mbin","SITUATIONAL","QUEUE","Keep in the backlog, but execute only after higher-fit channels complete a 30-day measured test; current expected return does not justify immediate operator time.","Low-medium","Low","Ranked-channel capacity; tracking convention; 30-day test brief","Growth operations agent","Completed checklist or live artifact plus UTM/referral analytics at 7 and 30 days","Qualified organic sessions per operator hour","Phase 2-3: days 31-90+"
"Communities & forums","Mastodon — food and data communities","SITUATIONAL","QUEUE","Keep in the backlog, but execute only after higher-fit channels complete a 30-day measured test; current expected return does not justify immediate operator time.","Low-medium","Low","Ranked-channel capacity; tracking convention; 30-day test brief","Growth operations agent","Completed checklist or live artifact plus UTM/referral analytics at 7 and 30 days","Qualified organic sessions per operator hour","Phase 2-3: days 31-90+"
"Communities & forums","Tildes","SITUATIONAL","DEPENDENCY","Do not activate yet; the tactic only becomes viable after its audience, account-history, eligibility, permission, or safety prerequisite is proved.","Low-medium","High","Named eligibility, audience, permission, or account-history threshold must be documented","Growth operations agent","Completed checklist or live artifact plus UTM/referral analytics at 7 and 30 days","Qualified organic sessions per operator hour","Phase 2: after prerequisite"
"Communities & forums","Hacker News","WORKS","QUEUE","Keep in the backlog, but execute only after higher-fit channels complete a 30-day measured test; current expected return does not justify immediate operator time.","High","High","Ranked-channel capacity; tracking convention; 30-day test brief","Community research agent + owner action","Rule snapshot and contribution URL/screenshot; referral/profile sessions; moderation outcome after 7 days","Qualified referral/profile sessions per contribution; survival rate; removals/bans","Phase 2-3: days 31-90+"
"Communities & forums","Show HN","SITUATIONAL","DEPENDENCY","Do not activate yet; the tactic only becomes viable after its audience, account-history, eligibility, permission, or safety prerequisite is proved.","Low-medium","Very high","Named eligibility, audience, permission, or account-history threshold must be documented","Growth operations agent","Completed checklist or live artifact plus UTM/referral analytics at 7 and 30 days","Qualified organic sessions per operator hour","Phase 2: after prerequisite"
"Communities & forums","Lobsters","DEAD","REJECT","Invite-only technical community has poor topic fit; submitting general food content would be off-topic and promotional.","None / negative avoided","High","None","Growth lead (maintain denylist)","Denylist entry with cited platform/status/risk rationale; quarterly recheck only","0 operator hours; 0 policy incidents","REJECTED"
"Communities & forums","Indie Hackers","SITUATIONAL","QUEUE","Keep in the backlog, but execute only after higher-fit channels complete a 30-day measured test; current expected return does not justify immediate operator time.","Low-medium","Medium","Ranked-channel capacity; tracking convention; 30-day test brief","Growth operations agent","Completed checklist or live artifact plus UTM/referral analytics at 7 and 30 days","Qualified organic sessions per operator hour","Phase 2-3: days 31-90+"
"Communities & forums","Finding the right Facebook Groups","WORKS","EXECUTE_NOW","Start the internal preparation or operating rule now because it is low-risk, reusable across campaigns, and does not require an audience before it creates value. Group rules and Admin Assist must be checked before any link-bearing action.","High (enabler)","Low","Group shortlist and rule audit; 5-10 native contributions before any permitted link","Community research agent + owner action","Rule snapshot and contribution URL/screenshot; referral/profile sessions; moderation outcome after 7 days","Qualified referral/profile sessions per contribution; survival rate; removals/bans","Phase 0: safety and setup"
"Communities & forums","Posting in Facebook Groups","WORKS","DEPENDENCY","Do not activate yet; the tactic only becomes viable after its audience, account-history, eligibility, permission, or safety prerequisite is proved. Group rules and Admin Assist must be checked before any link-bearing action.","High (enabler)","Medium","Group shortlist and rule audit; 5-10 native contributions before any permitted link","Community research agent + owner action","Rule snapshot and contribution URL/screenshot; referral/profile sessions; moderation outcome after 7 days","Qualified referral/profile sessions per contribution; survival rate; removals/bans","Phase 2: after prerequisite"
"Communities & forums","Running your own Facebook Group","SITUATIONAL","QUEUE","Keep in the backlog, but execute only after higher-fit channels complete a 30-day measured test; current expected return does not justify immediate operator time. Group rules and Admin Assist must be checked before any link-bearing action.","High (enabler)","Very high","Group shortlist and rule audit; 5-10 native contributions before any permitted link","Community research agent + owner action","Rule snapshot and contribution URL/screenshot; referral/profile sessions; moderation outcome after 7 days","Qualified referral/profile sessions per contribution; survival rate; removals/bans","Phase 2-3: days 31-90+"
"Communities & forums","Facebook Group ""SEO"" / discoverability","WORKS","DEPENDENCY","Do not activate yet; the tactic only becomes viable after its audience, account-history, eligibility, permission, or safety prerequisite is proved. Group rules and Admin Assist must be checked before any link-bearing action.","High (enabler)","Low","Group shortlist and rule audit; 5-10 native contributions before any permitted link","Community research agent + owner action","Rule snapshot and contribution URL/screenshot; referral/profile sessions; moderation outcome after 7 days","Qualified referral/profile sessions per contribution; survival rate; removals/bans","Phase 2: after prerequisite"
"Communities & forums","Blog comments — the honest 2026 verdict","SITUATIONAL","REJECT","Reject as an SEO/traffic method: comment links are nofollow, most yield zero clicks, and automation can put the domain on shared spam blocklists.","None / negative avoided","High","None","Growth lead (maintain denylist)","Denylist entry with cited platform/status/risk rationale; quarterly recheck only","0 operator hours; 0 policy incidents","REJECTED"
"Communities & forums","News site comments","DEAD","REJECT","Major outlets strip links or have closed comments; there is no reliable profile-click path, so expected website traffic is effectively zero.","None / negative avoided","Low","None","Growth lead (maintain denylist)","Denylist entry with cited platform/status/risk rationale; quarterly recheck only","0 operator hours; 0 policy incidents","REJECTED"
"Communities & forums","YouTube comments as a tactic","WORKS","MANUAL_EXTERNAL","Worth testing now, but it requires a human account action and platform-rule check; use unique, value-first contributions and record the external result.","High","Low","Branded channel profile with site link; approved asset/comment; spam-safe unique copy","Owner / human community manager","Live post URL/screenshot; profile link verified; 7/30-day views, profile visits, outbound sessions, and no removal","Website sessions per 1,000 views; profile-to-link CTR","Phase 1: days 1-30"
"Communities & forums","Substack Notes and newsletter comment sections","SITUATIONAL","QUEUE","Keep in the backlog, but execute only after higher-fit channels complete a 30-day measured test; current expected return does not justify immediate operator time.","Low-medium","Low","Ranked-channel capacity; tracking convention; 30-day test brief","Community research agent + owner action","Rule snapshot and contribution URL/screenshot; referral/profile sessions; moderation outcome after 7 days","Qualified referral/profile sessions per contribution; survival rate; removals/bans","Phase 2-3: days 31-90+"
"Communities & forums","The value-first playbook","WORKS","EXECUTE_NOW","Start the internal preparation or operating rule now because it is low-risk, reusable across campaigns, and does not require an audience before it creates value.","High (enabler)","Unknown / verify","Ranked-channel capacity; tracking convention; 30-day test brief","Growth operations agent","Completed checklist or live artifact plus UTM/referral analytics at 7 and 30 days","Qualified organic sessions per operator hour","Phase 0: safety and setup"
"Communities & forums","The N-posts-before-linking rule, per platform","WORKS","EXECUTE_NOW","Start the internal preparation or operating rule now because it is low-risk, reusable across campaigns, and does not require an audience before it creates value.","High (enabler)","Unknown / verify","Ranked-channel capacity; tracking convention; 30-day test brief","Growth operations agent","Completed checklist or live artifact plus UTM/referral analytics at 7 and 30 days","Qualified organic sessions per operator hour","Phase 0: safety and setup"
"Communities & forums","Answering without a link, and still earning traffic","WORKS","MANUAL_EXTERNAL","Worth testing now, but it requires a human account action and platform-rule check; use unique, value-first contributions and record the external result.","Medium","Low","Human operator approval and platform-native execution","Owner / human community manager","Completed checklist or live artifact plus UTM/referral analytics at 7 and 30 days","Qualified organic sessions per operator hour","Phase 1: days 1-30"
"Communities & forums","Becoming a recognized regular","WORKS","MANUAL_EXTERNAL","Worth testing now, but it requires a human account action and platform-rule check; use unique, value-first contributions and record the external result.","Medium","Very high","Human operator approval and platform-native execution","Owner / human community manager","Completed checklist or live artifact plus UTM/referral analytics at 7 and 30 days","Qualified organic sessions per operator hour","Phase 1: days 1-30"
"Communities & forums","Cadence discipline and the freeze rule","WORKS","EXECUTE_NOW","Start the internal preparation or operating rule now because it is low-risk, reusable across campaigns, and does not require an audience before it creates value.","High (enabler)","Low","Ranked-channel capacity; tracking convention; 30-day test brief","Growth operations agent","Completed checklist or live artifact plus UTM/referral analytics at 7 and 30 days","Qualified organic sessions per operator hour","Phase 0: safety and setup"
"Communities & forums","Sock puppets, ""seeded questions"", and asking friends to post your link","MYTH","REJECT","Coordinated accounts and vote manipulation violate platform policies; detection could permanently ban accounts and the already-filtered domain.","None / negative avoided","Low","None","Growth lead (maintain denylist)","Denylist entry with cited platform/status/risk rationale; quarterly recheck only","0 operator hours; 0 policy incidents","REJECTED"
"Communities & forums","Community-sourced content (the inverse play)","SITUATIONAL","QUEUE","Keep in the backlog, but execute only after higher-fit channels complete a 30-day measured test; current expected return does not justify immediate operator time.","High","High","Ranked-channel capacity; tracking convention; 30-day test brief","Community research agent + owner action","Rule snapshot and contribution URL/screenshot; referral/profile sessions; moderation outcome after 7 days","Qualified referral/profile sessions per contribution; survival rate; removals/bans","Phase 2-3: days 31-90+"
